id,first_name,second_name,team,team_code,element_type,goals_scored,assists,total_points,minutes,goals_conceded,creativity,influence,threat,bonus,bps,ict_index,clean_sheets,red_cards,yellow_cards,selected_by_percent,now_cost
1,Petr,Cech,1,3,1,0,0,24,585,9,0.0,205.0,0.0,3,130,20.4,1,0,0,1.2,48
2,Bernd,Leno,1,3,1,0,0,49,1575,24,0.0,373.0,0.0,2,291,37.2,2,0,0,2.1,48
3,Laurent,Koscielny,1,3,2,1,0,22,474,7,3.5,169.4,45.0,3,115,21.8,1,0,1,0.3,54
4,Héctor,Bellerín,1,3,2,0,5,60,1532,21,197.8,261.6,280.0,5,304,73.7,4,0,3,5.2,54
5,Nacho,Monreal,1,3,2,1,2,38,870,12,104.7,214.0,165.0,3,176,48.3,2,0,2,0.8,54
6,Rob,Holding,1,3,2,0,0,24,806,10,28.7,187.8,14.0,5,148,23.2,1,0,1,0.4,43
7,Shkodran,Mustafi,1,3,2,2,0,49,1633,26,52.1,485.4,189.0,2,308,72.9,3,0,6,1.0,54
8,Sead,Kolasinac,1,3,2,0,5,51,1135,17,298.2,194.8,134.0,8,245,62.5,2,0,2,5.0,50
10,Konstantinos,Mavropanos,1,3,2,0,0,0,0,0,0.0,0.0,0.0,0,0,0.0,0,0,0,0.1,47
11,Stephan,Lichtsteiner,1,3,2,0,0,9,624,13,42.7,75.0,17.0,0,58,13.6,0,0,2,0.9,45
12,Sokratis,Papastathopoulos,1,3,2,0,2,34,1388,23,51.4,323.0,37.0,3,248,41.3,2,0,7,1.1,51
13,Mesut,Özil,1,3,3,3,2,56,1050,14,398.6,251.8,137.0,7,224,78.8,3,0,1,2.3,80
14,Aaron,Ramsey,1,3,3,2,6,61,894,13,306.3,291.6,364.0,1,203,96.4,4,0,0,1.0,72
15,Alex,Iwobi,1,3,3,2,5,57,1170,22,290.1,272.4,335.0,1,231,89.6,0,0,0,1.4,54
16,Mohamed,Elneny,1,3,3,0,0,3,121,0,15.5,36.4,47.0,0,12,9.9,0,0,0,2.2,42
17,Granit,Xhaka,1,3,3,3,2,65,1882,29,456.2,493.8,164.0,5,344,111.6,4,0,7,2.6,53
18,Henrikh,Mkhitaryan,1,3,3,4,1,51,838,17,249.6,235.8,337.0,6,176,82.4,0,0,0,3.8,67
19,Reiss,Nelson,1,3,3,0,0,0,0,0,0.0,0.0,0.0,0,0,0.0,0,0,0,0.4,44
20,Ainsley,Maitland-Niles,1,3,3,1,0,18,431,10,38.1,105.4,88.0,1,75,23.2,0,0,0,0.4,44
21,Danny,Welbeck,1,3,4,1,1,19,146,3,56.8,73.6,66.0,3,63,19.5,0,0,0,0.5,64
22,Alexandre,Lacazette,1,3,4,9,8,111,1533,18,318.1,558.2,746.0,15,383,161.8,3,0,2,6.6,93
23,Pierre-Emerick,Aubameyang,1,3,4,15,6,148,1910,29,353.9,685.6,896.0,24,531,193.4,5,0,0,29.7,112
450,Lucas,Torreira,1,3,3,2,3,65,1699,25,222.1,373.2,147.0,6,336,74.5,4,0,4,4.5,49
451,Matteo,Guendouzi,1,3,3,0,0,31,1373,20,220.1,232.0,99.0,0,222,55.1,2,0,5,1.8,44
542,Emiliano,Martínez,1,3,1,0,0,0,0,0,0.0,0.0,0.0,0,0,0.0,0,0,0,0.3,40
545,Emile,Smith-Rowe,1,3,3,0,0,0,0,0,0.0,0.0,0.0,0,0,0.0,0,0,0,0.0,45
546,Zech,Medley,1,3,2,0,0,0,0,0,0.0,0.0,0.0,0,0,0.0,0,0,0,0.1,40
552,Edward,Nketiah,1,3,4,0,0,1,1,0,0.0,0.0,0.0,0,3,0.0,0,0,0,0.0,50
563,Bukayo,Saka,1,3,3,0,0,1,7,0,0.0,0.0,0.0,0,3,0.0,0,0,0,0.0,45
566,Joseph,Willock,1,3,3,0,0,0,0,0,0.0,0.0,0.0,0,0,0.0,0,0,0,0.0,45
581,Carl,Jenkinson,1,3,2,0,0,1,30,1,0.3,1.4,0.0,0,4,0.2,0,0,0,0.0,45
586,Denis,Suárez,1,3,3,0,0,0,0,0,0.0,0.0,0.0,0,0,0.0,0,0,0,0.1,65
24,Asmir,Begovic,2,91,1,0,0,61,1980,42,0.0,421.0,0.0,4,348,42.2,5,0,0,3.4,44
25,Artur,Boruc,2,91,1,0,0,16,180,0,0.0,53.4,0.0,2,59,5.4,2,0,0,6.6,39
26,Simon,Francis,2,91,2,0,2,40,1227,24,173.3,332.4,39.0,0,244,54.4,4,0,1,0.2,43
27,Steve,Cook,2,91,2,1,1,68,2160,42,105.5,576.6,257.0,5,427,93.8,7,0,2,6.2,44
28,Charlie,Daniels,2,91,2,1,0,35,1224,28,189.9,244.4,124.0,0,222,55.9,3,0,2,3.8,41
29,Adam,Smith,2,91,2,1,0,50,1235,14,76.3,202.4,54.0,0,236,33.3,6,1,1,0.5,43
30,Tyrone,Mings,2,91,2,0,0,5,141,4,16.3,49.0,2.0,0,41,6.8,0,0,0,0.1,42
31,Nathan,Aké,2,91,2,3,0,80,2151,42,35.5,647.8,285.0,6,448,96.9,7,0,2,5.2,50
32,Jack,Simpson,2,91,2,0,0,0,0,0,0.0,0.0,0.0,0,0,0.0,0,0,0,5.5,38
34,Marc,Pugh,2,91,3,0,0,0,0,0,0.0,0.0,0.0,0,0,0.0,0,0,0,0.4,43
35,Andrew,Surman,2,91,3,0,0,25,988,26,99.3,109.0,24.0,0,134,23.3,3,0,2,0.1,46
36,Junior,Stanislas,2,91,3,1,3,45,896,21,226.7,185.6,305.0,3,165,71.8,2,0,1,0.1,60
37,Dan,Gosling,2,91,3,0,1,28,1016,15,93.9,173.6,134.0,0,119,40.0,3,0,4,0.1,47
38,Jordon,Ibe,2,91,3,0,1,16,332,11,101.5,52.4,54.0,0,50,20.8,0,0,0,0.2,50
39,Lewis,Cook,2,91,3,0,0,22,719,10,50.4,76.0,36.0,0,91,16.5,3,0,2,0.1,47
40,Ryan,Fraser,2,91,3,5,9,117,1939,37,832.8,592.2,403.0,14,483,183.1,6,0,1,21.8,61
41,Emerson,Hyndman,2,91,3,0,0,0,0,0,0.0,0.0,0.0,0,0,0.0,0,0,0,0.0,45
42,David,Brooks,2,91,3,6,4,94,1585,29,330.2,457.0,522.0,6,289,131.0,7,0,2,6.1,51
43,Callum,Wilson,2,91,4,10,8,114,1726,31,314.8,490.2,753.0,14,367,155.5,6,0,3,16.6,64
44,Lys,Mousset,2,91,4,0,0,14,150,9,45.1,14.0,57.0,0,31,11.3,0,0,1,0.2,49
45,Joshua,King,2,91,4,8,3,95,1765,30,315.6,439.8,710.0,14,319,146.1,7,0,1,5.2,64
46,Jermain,Defoe,2,91,4,0,0,4,22,2,0.0,3.0,23.0,0,12,2.6,0,0,0,0.4,56
241,Nathaniel,Clyne,2,91,2,0,0,18,378,3,12.8,65.8,32.0,0,87,11.1,2,0,0,0.8,44
259,Dominic,Solanke,2,91,4,0,0,0,0,0,0.0,0.0,0.0,0,0,0.0,0,0,0,0.3,47
473,Diego,Rico,2,91,2,0,0,4,421,13,128.3,74.0,18.0,0,63,22.0,0,0,0,0.0,41
494,Jefferson,Lerma,2,91,3,1,1,41,1559,30,145.4,307.0,152.0,3,221,60.5,6,0,9,0.3,45
580,Chris,Mepham,2,91,2,0,0,1,1,0,0.0,0.0,0.0,0,3,0.0,0,0,0,0.0,45
47,Mathew,Ryan,3,36,1,0,0,64,1800,31,0.0,449.8,0.0,7,332,45.0,3,0,0,2.8,44
48,Lewis,Dunk,3,36,2,2,0,56,1891,32,51.2,502.2,146.0,5,345,70.2,4,1,4,2.6,45
49,Shane,Duffy,3,36,2,4,2,74,1827,31,48.8,653.8,276.0,6,359,98.0,4,1,4,4.9,46
50,Bruno,Saltor Grau,3,36,2,0,1,31,619,6,65.3,104.4,14.0,4,132,18.4,3,0,2,0.4,44
51,Gaëtan,Bong,3,36,2,0,0,33,1355,26,102.8,162.4,2.0,0,181,26.6,3,0,0,0.1,44
52,Markus,Suttner,3,36,2,0,0,0,0,0,0.0,0.0,0.0,0,0,0.0,0,0,0,4.7,38
53,Ezequiel,Schelotto,3,36,2,0,0,0,0,0,0.0,0.0,0.0,0,0,0.0,0,0,0,2.0,38
54,Leon,Balogun,3,36,2,1,0,15,591,10,1.1,134.0,27.0,0,86,16.2,0,0,2,0.1,42
55,Anthony,Knockaert,3,36,3,1,4,49,1157,23,313.5,248.0,246.0,1,183,80.7,2,0,3,0.5,52
56,Dale,Stephens,3,36,3,1,0,36,1414,26,93.7,251.6,38.0,2,203,38.2,3,1,4,3.2,44
57,Beram,Kayal,3,36,3,1,1,27,707,11,53.6,187.2,49.0,0,114,29.1,3,0,4,0.4,44
58,Solomon,March,3,36,3,1,5,73,1851,33,538.8,362.4,232.0,5,272,113.4,4,0,1,1.1,49
59,Pascal,Groß,3,36,3,2,2,49,1156,19,427.1,266.8,172.0,6,204,86.7,1,0,0,1.6,67
60,Davy,Pröpper,3,36,3,0,1,44,1772,31,152.1,256.0,56.0,0,237,46.6,2,0,1,0.1,48
61,José Heriberto,Izquierdo Mena,3,36,3,0,2,22,565,6,60.5,58.8,140.0,0,67,26.0,2,0,1,0.1,59
62,Glenn,Murray,3,36,4,10,0,89,1522,27,117.3,367.4,575.0,13,259,105.0,2,0,3,2.7,63
63,Tomer,Hemed,3,36,4,0,0,0,0,0,0.0,0.0,0.0,0,0,0.0,0,0,0,0.1,49
64,Sam,Baldock,3,36,4,0,0,0,0,0,0.0,0.0,0.0,0,0,0.0,0,0,0,0.3,45
65,Jürgen,Locadia,3,36,4,2,0,40,827,12,145.1,124.4,275.0,6,118,54.1,2,0,1,0.6,53
66,Florin,Andone,3,36,4,2,0,27,511,7,26.6,94.6,246.0,2,63,36.1,1,0,1,0.3,50
179,David,Button,3,36,1,0,0,15,360,5,0.0,89.2,0.0,2,76,8.9,1,0,0,3.6,40
439,Jason,Steele,3,36,1,0,0,0,0,0,0.0,0.0,0.0,0,0,0.0,0,0,0,1.3,40
440,Bernardo,Fernandes da Silva Junior,3,36,2,0,1,22,904,13,89.1,224.8,35.0,0,146,35.0,1,0,2,0.1,42
466,Yves,Bissouma,3,36,3,0,0,21,861,15,98.0,118.8,111.0,0,74,32.8,0,0,3,0.0,46
476,Alireza,Jahanbakhsh,3,36,3,0,0,15,437,4,58.7,44.0,73.0,0,31,17.5,3,0,2,0.6,67
503,Martín,Montoya,3,36,2,0,1,26,1440,28,200.8,310.6,33.0,1,228,54.5,1,0,2,0.2,43
551,Viktor,Gyokeres,3,36,4,0,0,0,0,0,0.0,0.0,0.0,0,0,0.0,0,0,0,0.1,45
559,Ben,White,3,36,2,0,0,0,0,0,0.0,0.0,0.0,0,0,0.0,0,0,0,0.0,40
572,Max,Sanders,3,36,3,0,0,0,0,0,0.0,0.0,0.0,0,0,0.0,0,0,0,0.0,45
582,Dan,Burn,3,36,2,0,0,0,0,0,0.0,0.0,0.0,0,0,0.0,0,0,0,0.0,45
67,Tom,Heaton,4,90,1,0,0,23,450,4,20.0,126.0,0.0,3,101,14.6,2,0,1,0.5,48
68,Nick,Pope,4,90,1,0,0,0,0,0,0.0,0.0,0.0,0,0,0.0,0,0,0,0.2,48
69,Matthew,Lowton,4,90,2,0,0,22,1208,32,103.3,225.6,28.0,0,193,35.8,3,0,5,0.2,46
70,Ben,Mee,4,90,2,0,2,58,2160,45,78.7,598.4,138.0,4,384,81.5,6,0,5,1.7,46
71,Stephen,Ward,4,90,2,0,0,7,228,6,17.2,48.4,19.0,0,44,8.5,1,0,1,0.5,47
72,James,Tarkowski,4,90,2,3,1,66,1826,40,34.3,657.8,263.0,4,338,95.7,5,0,5,4.4,47
73,Kevin,Long,4,90,2,0,1,16,513,9,11.6,147.8,8.0,0,101,16.8,1,0,0,0.3,42
74,Charlie,Taylor,4,90,2,0,0,50,1980,41,181.8,392.0,25.0,1,328,60.0,5,0,2,0.4,44
75,Phil,Bardsley,4,90,2,0,0,23,950,13,94.1,156.4,28.0,0,141,27.8,3,0,6,0.2,42
76,Johann Berg,Gudmundsson,4,90,3,2,5,66,1358,30,365.1,318.4,267.0,5,238,95.1,5,0,2,1.1,55
77,Steven,Defour,4,90,3,0,0,10,449,14,36.6,61.4,0.0,0,70,9.9,0,0,0,0.0,53
78,Jeff,Hendrick,4,90,3,1,2,45,1102,29,116.1,127.2,189.0,3,157,43.2,2,0,2,0.2,52
79,Robbie,Brady,4,90,3,0,1,12,534,12,134.4,77.8,74.0,0,50,28.6,1,1,3,0.0,54
80,Ashley,Westwood,4,90,3,0,6,64,1651,34,397.9,358.2,122.0,5,312,88.2,5,0,3,2.8,45
81,Jonathan,Walters,4,90,3,0,0,0,0,0,0.0,0.0,0.0,0,0,0.0,0,0,0,0.0,48
82,Jack,Cork,4,90,3,1,2,58,2052,40,198.2,323.2,152.0,0,295,67.6,6,0,5,0.6,46
83,Aaron,Lennon,4,90,3,1,1,41,1214,22,121.2,151.6,108.0,2,133,38.0,3,0,1,0.3,49
84,Sam,Vokes,4,90,4,3,0,48,907,20,108.6,152.0,292.0,7,130,54.3,2,0,0,1.0,53
85,Ashley,Barnes,4,90,4,5,2,63,1162,19,199.5,261.2,484.0,7,183,93.9,5,0,4,1.3,56
86,Nahki,Wells,4,90,4,0,0,0,0,0,0.0,0.0,0.0,0,0,0.0,0,0,0,0.9,45
87,Chris,Wood,4,90,4,4,0,59,1419,29,154.4,196.2,507.0,6,146,84.6,5,0,2,0.4,62
485,Anders,Lindegaard,4,90,1,0,0,0,0,0,0.0,0.0,0.0,0,0,0.0,0,0,0,0.1,43
490,Joe,Hart,4,90,1,0,0,69,1710,41,10.1,594.6,0.0,7,378,60.3,4,0,0,5.7,43
491,Ben,Gibson,4,90,2,1,0,6,62,3,0.4,42.4,33.0,0,17,7.6,0,0,1,0.1,48
495,Matej,Vydra,4,90,4,1,0,13,262,6,22.8,44.2,54.0,0,43,11.8,0,0,1,0.0,56
534,Dwight,McNeil,4,90,3,1,1,23,515,6,173.2,142.0,167.0,0,99,48.0,3,0,1,0.3,44
564,Abd-Al-Ali Morakinyo Olaposi,Koiki,4,90,2,0,0,0,0,0,0.0,0.0,0.0,0,0,0.0,0,0,0,0.0,40
583,Josh,Benson,4,90,3,0,0,0,0,0,0.0,0.0,0.0,0,0,0.0,0,0,0,0.0,45
590,Peter,Crouch,4,90,4,0,0,0,0,0,0.0,0.0,0.0,0,0,0.0,0,0,0,0.3,45
33,Harry,Arter,5,97,3,0,0,36,1577,32,129.8,171.0,132.0,0,175,43.4,5,0,7,0.2,49
88,Neil,Etheridge,5,97,1,0,0,102,2160,46,10.0,748.6,0.0,14,497,75.6,6,0,2,11.6,47
89,Alex,Smithies,5,97,1,0,0,0,0,0,0.0,0.0,0.0,0,0,0.0,0,0,0,0.1,43
90,Sean,Morrison,5,97,2,0,4,64,1959,41,172.9,414.4,320.0,2,317,90.8,6,0,3,0.4,47
91,Sol,Bamba,5,97,2,2,1,76,2070,41,36.4,625.8,228.0,10,381,89.0,6,0,4,2.8,46
92,Bruno,Ecuele Manga,5,97,2,0,1,59,2160,46,102.0,445.6,70.0,1,362,62.1,6,0,0,0.3,44
93,Matthew,Connolly,5,97,2,0,0,0,0,0,0.0,0.0,0.0,0,0,0.0,0,0,0,2.3,38
94,Joe,Bennett,5,97,2,0,1,43,1408,27,166.7,259.6,28.0,2,245,45.5,5,0,2,0.4,44
95,Lee,Peltier,5,97,2,0,0,11,462,11,16.8,97.2,6.0,0,68,12.0,1,0,1,3.6,39
96,Ashley Darel Jazz,Richards,5,97,2,0,0,1,97,4,1.5,12.2,0.0,0,11,1.5,0,0,0,0.5,39
97,Greg,Halford,5,97,2,0,0,0,0,0,0.0,0.0,0.0,0,0,0.0,0,0,0,0.0,40
98,Joe,Ralls,5,97,3,0,0,28,1328,29,297.5,190.8,143.0,0,152,62.9,3,1,3,0.1,46
99,David Junior,Hoilett,5,97,3,2,1,49,1388,32,161.6,162.2,272.0,1,125,58.9,4,0,4,0.1,50
100,Nathaniel,Mendez-Laing,5,97,3,1,0,22,411,6,86.4,107.2,126.0,1,83,32.1,2,0,0,0.0,48
101,Callum,Paterson,5,97,3,4,1,68,1665,34,262.6,229.2,480.0,4,192,97.0,4,0,3,0.7,50
102,Aron,Gunnarsson,5,97,3,1,0,38,1208,23,105.3,210.0,114.0,3,163,42.9,3,0,2,0.8,44
103,Anthony,Pilkington,5,97,3,0,0,0,0,0,0.0,0.0,0.0,0,0,0.0,0,0,0,0.1,44
104,Loïc,Damour,5,97,3,0,0,2,21,2,1.0,0.6,8.0,0,6,0.9,0,0,0,0.1,43
105,Danny,Ward,5,97,3,1,0,18,322,10,56.4,60.2,63.0,0,56,17.8,0,0,0,0.2,43
106,Josh,Murphy,5,97,3,3,0,51,1161,22,142.8,171.4,411.0,1,114,71.9,4,0,0,0.3,48
107,Kenneth,Zohore,5,97,4,0,1,13,304,8,83.1,42.8,151.0,0,26,27.7,1,0,0,0.3,46
108,Omar,Bogle,5,97,4,0,0,0,0,0,0.0,0.0,0.0,0,0,0.0,0,0,0,0.1,45
109,Gary,Madine,5,97,4,0,0,5,32,3,1.5,2.0,8.0,0,13,1.0,0,0,0,1.0,44
110,Bobby,Reid,5,97,4,2,3,49,920,21,154.4,163.2,256.0,4,150,57.1,1,0,0,0.6,52
176,Oumar,Niasse,5,97,4,0,0,9,193,3,26.3,8.0,65.0,0,8,9.7,0,0,0,0.4,50
467,Greg,Cunninghamm,5,97,2,0,0,9,630,17,69.7,106.4,19.0,0,72,19.6,1,0,3,0.0,42
504,Víctor,Camarasa,5,97,3,3,2,69,1882,42,580.3,354.6,233.0,4,268,116.9,6,0,5,2.5,46
535,Kadeem,Harris,5,97,3,1,1,23,355,6,87.7,85.2,87.0,0,77,26.0,1,0,1,0.0,45
537,Brian,Murphy,5,97,1,0,0,0,0,0,0.0,0.0,0.0,0,0,0.0,0,0,0,0.2,40
573,Rhys,Healey,5,97,4,0,0,1,17,0,0.3,1.2,0.0,0,1,0.2,0,0,0,0.1,45
589,Leandro,Bacuna,5,97,2,0,0,0,0,0,0.0,0.0,0.0,0,0,0.0,0,0,0,0.0,45
111,Thibaut,Courtois,6,8,1,0,0,0,0,0,0.0,0.0,0.0,0,0,0.0,0,0,0,0.5,55
112,Willy,Caballero,6,8,1,0,0,0,0,0,0.0,0.0,0.0,0,0,0.0,0,0,0,0.1,47
113,César,Azpilicueta,6,8,2,0,2,90,2160,23,384.9,502.0,119.0,4,519,101.0,10,0,1,8.7,63
114,Gary,Cahill,6,8,2,0,0,1,21,0,0.0,2.8,0.0,0,3,0.3,0,0,0,0.5,50
115,Marcos,Alonso,6,8,2,1,7,120,2057,19,356.6,417.4,326.0,16,510,110.2,10,0,4,33.1,65
116,David,Luiz Moreira Marinho,6,8,2,1,2,105,2070,21,242.6,552.0,218.0,15,513,101.1,10,0,2,13.8,59
117,Victor,Moses,6,8,2,0,0,2,26,1,12.7,1.2,6.0,0,3,2.0,0,0,0,1.3,55
118,Antonio,Rüdiger,6,8,2,1,1,93,2138,23,134.1,443.2,236.0,7,474,81.5,10,0,4,4.3,60
119,Andreas,Christensen,6,8,2,0,0,0,90,2,2.5,15.8,0.0,0,11,1.8,0,0,1,0.4,50
120,Davide,Zappacosta,6,8,2,0,0,2,18,0,0.4,3.8,21.0,0,5,2.5,0,0,0,0.1,51
121,Emerson,Palmieri dos Santos,6,8,2,0,0,2,103,4,8.1,16.8,6.0,0,19,3.1,0,0,0,0.1,52
122,Eden,Hazard,6,8,3,10,10,148,1849,20,932.0,806.4,961.0,19,523,270.3,8,0,2,29.6,109
123,Cesc,Fàbregas,6,8,3,0,0,6,175,2,58.5,37.0,14.0,0,36,10.9,0,0,1,0.4,62
124,Willian,Borges Da Silva,6,8,3,3,4,80,1526,20,823.6,409.4,572.0,3,354,180.6,9,0,1,4.2,72
125,Pedro,Rodríguez Ledesma,6,8,3,7,1,84,1156,10,290.6,390.8,525.0,11,309,120.2,4,0,1,3.6,63
126,N'Golo,Kanté,6,8,3,3,2,79,2146,23,497.4,455.6,267.0,3,379,122.1,10,0,3,18.3,50
127,Ross,Barkley,6,8,3,3,3,58,749,6,191.1,224.8,273.0,5,196,68.7,5,0,1,1.5,51
128,Daniel,Drinkwater,6,8,3,0,0,0,0,0,0.0,0.0,0.0,0,0,0.0,0,0,0,0.1,46
129,Tiemoué,Bakayoko,6,8,3,0,0,0,0,0,0.0,0.0,0.0,0,0,0.0,0,0,0,0.1,49
130,Ethan,Ampadu,6,8,3,0,0,0,0,0,0.0,0.0,0.0,0,0,0.0,0,0,0,0.0,44
131,Callum,Hudson-Odoi,6,8,3,0,0,3,61,1,4.2,3.2,2.0,0,12,0.9,0,0,0,2.2,42
132,Ruben,Loftus-Cheek,6,8,3,3,0,31,340,3,82.8,155.4,121.0,3,108,35.8,1,0,0,0.4,52
133,Olivier,Giroud,6,8,4,1,4,42,651,4,224.3,146.0,324.0,2,128,68.4,5,0,1,1.8,77
134,Álvaro,Morata,6,8,4,5,0,46,936,11,130.2,219.8,523.0,3,119,86.3,6,0,3,1.5,84
459,Jorge Luiz,Frello Filho,6,8,3,1,0,58,2003,21,376.2,433.4,64.0,1,355,87.4,10,0,4,6.0,47
496,Tammy,Abraham,6,8,4,0,0,0,0,0,0.0,0.0,0.0,0,0,0.0,0,0,0,0.1,54
498,Kepa,Arrizabalaga,6,8,1,0,0,94,2160,23,0.1,408.4,0.0,4,452,40.6,10,0,1,5.7,56
499,Mateo,Kovacic,6,8,3,0,2,49,1192,14,361.9,216.8,254.0,2,241,83.6,7,0,1,0.7,57
579,Gonzalo,Higuaín,6,8,4,0,0,2,64,2,8.7,3.0,2.0,0,5,1.4,0,0,0,1.7,95
135,Wayne,Hennessey,7,31,1,0,0,64,1485,25,0.0,333.8,0.0,6,295,33.4,5,0,0,3.2,45
136,Julian,Speroni,7,31,1,0,0,1,90,4,0.0,31.4,0.0,0,16,3.1,0,0,0,12.1,39
137,Vicente,Guaita,7,31,1,0,0,28,584,4,0.0,99.8,0.0,2,120,10.0,3,0,2,1.3,42
138,James,Tomkins,7,31,2,1,1,62,1859,28,60.0,405.2,224.0,0,368,69.2,7,0,5,3.0,43
139,Scott,Dann,7,31,2,0,0,1,1,0,0.0,0.2,0.0,0,3,0.0,0,0,0,0.0,44
140,Martin,Kelly,7,31,2,0,0,10,300,5,5.0,90.8,0.0,1,52,9.6,1,0,0,5.1,39
141,Jeffrey,Schlupp,7,31,2,3,0,45,829,15,89.6,202.0,224.0,0,129,51.8,1,0,1,1.8,44
142,Patrick,van Aanholt,7,31,2,1,2,88,2124,31,318.1,399.0,338.0,12,407,105.6,8,0,3,4.5,54
143,Mamadou,Sakho,7,31,2,0,0,76,2160,33,76.1,464.0,41.0,11,468,58.1,8,0,2,1.8,49
144,Jairo,Riedewald,7,31,2,0,0,0,0,0,0.0,0.0,0.0,0,0,0.0,0,0,0,0.0,43
145,Aaron,Wan-Bissaka,7,31,2,0,1,78,2054,31,193.5,555.0,111.0,14,440,86.2,8,1,2,34.0,46
147,James,McArthur,7,31,3,2,2,73,1975,31,326.2,386.6,274.0,5,296,98.6,8,0,4,2.6,48
148,Bakary,Sako,7,31,3,0,0,0,0,0,0.0,0.0,0.0,0,0,0.0,0,0,0,0.0,49
149,Andros,Townsend,7,31,3,4,3,89,2120,31,650.9,478.6,381.0,5,343,151.2,8,0,1,3.9,58
150,Luka,Milivojevic,7,31,3,6,1,92,2160,33,445.9,626.4,329.0,12,420,140.2,8,0,7,4.9,61
151,Wilfried,Zaha,7,31,4,4,5,67,1883,30,477.3,375.2,699.0,3,201,155.2,7,1,6,10.7,67
152,Christian,Benteke,7,31,4,0,0,9,337,5,51.5,14.2,182.0,0,7,24.4,1,0,0,0.4,63
153,Alexander,Sørloth,7,31,4,0,0,12,173,3,38.3,19.2,59.0,0,32,11.3,0,0,0,0.2,48
412,Cheikhou,Kouyaté,7,31,3,0,2,49,1435,22,170.3,228.2,171.0,0,176,56.7,8,0,2,0.2,47
441,Joel,Ward,7,31,2,0,0,2,101,3,3.1,29.8,4.0,0,6,3.7,0,0,0,0.2,43
442,Jaroslaw,Jach,7,31,2,0,0,0,0,0,0.0,0.0,0.0,0,0,0.0,0,0,0,0.0,40
443,Pape,Souaré,7,31,2,0,0,1,1,0,0.1,1.0,0.0,0,3,0.1,0,0,0,0.1,42
444,Connor,Wickham,7,31,4,0,1,8,60,1,41.9,23.2,53.0,0,20,11.8,0,0,0,0.2,49
477,Sullay,Kaikai,7,31,3,0,0,0,0,0,0.0,0.0,0.0,0,0,0.0,0,0,0,0.2,43
486,Max,Meyer,7,31,3,1,3,44,954,16,206.1,170.4,338.0,0,159,71.2,4,0,2,0.2,56
505,Jordan,Ayew,7,31,4,1,1,35,1002,12,157.3,105.8,329.0,2,78,59.0,4,0,2,0.3,57
576,Joe,Tupper,7,31,1,0,0,0,0,0,0.0,0.0,0.0,0,0,0.0,0,0,0,0.0,40
584,Lucas,Perri,7,31,1,0,0,0,0,0,0.0,0.0,0.0,0,0,0.0,0,0,0,0.0,40
592,Michy,Batshuayi,7,31,4,0,0,0,0,0,0.0,0.0,0.0,0,0,0.0,0,0,0,0.3,65
154,Jordan,Pickford,8,11,1,0,0,94,2160,33,10.0,551.8,0.0,10,437,56.1,6,0,1,13.9,50
155,Maarten,Stekelenburg,8,11,1,0,0,0,0,0,0.0,0.0,0.0,0,0,0.0,0,0,0,3.2,40
156,Leighton,Baines,8,11,2,0,0,6,338,5,90.0,48.4,15.0,0,49,15.4,0,0,0,0.6,50
157,Seamus,Coleman,8,11,2,1,0,54,1676,25,203.2,304.6,118.0,3,294,62.4,5,0,1,1.4,52
158,Phil,Jagielka,8,11,2,0,0,-2,53,2,0.0,1.2,0.0,0,-2,0.1,0,1,0,0.4,43
159,Ashley,Williams,8,11,2,0,0,0,0,0,0.0,0.0,0.0,0,0,0.0,0,0,0,0.0,45
160,Mason,Holgate,8,11,2,0,0,5,407,9,5.0,92.2,2.0,0,61,9.9,0,0,1,0.1,43
161,Jonjoe,Kenny,8,11,2,0,1,16,470,7,66.4,94.6,11.0,0,82,17.1,1,0,0,0.2,42
162,Michael,Keane,8,11,2,1,2,81,1890,28,75.9,497.0,229.0,14,397,80.5,6,0,1,5.0,49
163,Cuco,Martina,8,11,2,0,0,0,0,0,0.0,0.0,0.0,0,0,0.0,0,0,0,0.0,45
164,Theo,Walcott,8,11,3,3,3,74,1597,27,272.7,296.2,455.0,4,208,102.3,5,0,0,3.0,60
165,Yannick,Bolasie,8,11,3,0,0,0,0,0,0.0,0.0,0.0,0,0,0.0,0,0,0,0.1,58
166,James,McCarthy,8,11,3,0,0,0,0,0,0.0,0.0,0.0,0,0,0.0,0,0,0,0.0,44
167,Morgan,Schneiderlin,8,11,3,0,1,11,285,7,66.5,61.6,10.0,0,67,13.8,0,0,1,2.1,42
168,Idrissa,Gueye,8,11,3,0,0,39,1692,22,157.3,343.0,49.0,0,261,55.0,5,0,5,0.3,48
169,Tom,Davies,8,11,3,0,0,18,695,13,73.0,93.8,45.0,0,99,21.2,2,0,2,0.1,51
170,Ademola,Lookman,8,11,3,0,2,23,488,5,150.8,110.8,124.0,0,91,38.7,1,0,0,0.2,51
171,Davy,Klaassen,8,11,3,0,0,0,0,0,0.0,0.0,0.0,0,0,0.0,0,0,0,0.0,60
172,Gylfi,Sigurdsson,8,11,3,9,3,114,1978,29,701.8,617.4,658.0,14,417,197.7,7,0,3,8.5,74
173,Nikola,Vlasic,8,11,3,0,0,0,0,0,0.0,0.0,0.0,0,0,0.0,0,0,0,0.0,50
174,Beni,Baningime,8,11,3,0,0,0,0,0,0.0,0.0,0.0,0,0,0.0,0,0,0,0.1,43
175,Dominic,Calvert-Lewin,8,11,4,4,2,50,784,19,79.5,178.8,237.0,2,164,48.7,0,0,3,2.0,53
177,Cenk,Tosun,8,11,4,2,2,35,723,10,111.5,139.2,387.0,0,103,63.4,1,0,3,1.6,65
393,Richarlison,de Andrade,8,11,3,10,2,109,1797,28,182.7,493.0,828.0,11,263,149.3,6,1,3,27.6,68
469,Kevin,Mirallas,8,11,3,0,0,0,0,0,0.0,0.0,0.0,0,0,0.0,0,0,0,0.0,55
470,Sandro,Ramírez,8,11,4,0,0,0,0,0,0.0,0.0,0.0,0,0,0.0,0,0,0,0.1,54
484,Lucas,Digne,8,11,2,3,3,84,1800,28,683.6,555.0,202.0,12,416,144.0,5,1,3,10.4,53
506,Yerry,Mina,8,11,2,1,0,29,696,9,37.0,160.0,41.0,2,132,23.8,2,0,3,0.6,54
507,Bernard,Anício Caldeira Duarte,8,11,3,0,4,51,1166,13,398.5,221.6,126.0,4,184,74.6,6,0,5,0.3,59
508,André Filipe,Tavares Gomes,8,11,3,0,1,33,1295,18,100.2,148.2,123.0,0,161,37.1,5,0,5,0.2,54
526,Kurt,Zouma,8,11,2,1,2,63,1533,26,64.2,325.4,109.0,7,306,50.1,4,0,1,1.3,50
528,Kieran,Dowell,8,11,3,0,0,0,0,0,0.0,0.0,0.0,0,0,0.0,0,0,0,0.0,45
532,Tyias,Browning,8,11,2,0,0,0,0,0,0.0,0.0,0.0,0,0,0.0,0,0,0,0.1,40
9,Calum,Chambers,9,54,2,1,0,31,1326,24,92.7,339.0,255.0,0,220,68.8,2,0,4,0.9,42
178,Marcus,Bettinelli,9,54,1,0,0,15,630,20,0.0,195.0,0.0,0,114,19.4,0,0,1,0.4,43
180,Tim,Ream,9,54,2,0,0,22,1030,29,38.2,159.6,2.0,3,158,20.0,2,0,0,0.2,42
181,Denis,Odoi,9,54,2,0,1,31,1935,47,127.0,442.0,55.0,2,324,62.6,2,0,3,0.1,44
182,Tom,Cairney,9,54,3,0,1,36,1162,26,318.7,165.4,79.0,0,208,56.4,3,0,0,0.5,46
183,Kevin,McDonald,9,54,3,0,0,11,622,21,65.6,69.0,15.0,0,81,15.0,0,1,2,0.2,43
184,Ryan,Sessegnon,9,54,3,2,5,64,1451,44,350.5,323.2,282.0,3,209,95.8,0,0,0,2.0,60
185,Stefan,Johansen,9,54,3,0,0,11,409,12,33.0,48.8,7.0,0,48,9.0,0,0,4,0.1,50
186,Floyd,Ayité,9,54,3,0,0,7,161,4,6.9,12.2,9.0,0,16,2.6,0,0,0,0.1,43
187,Neeskens,Kebano,9,54,3,0,0,4,58,2,6.7,8.4,4.0,0,14,2.0,0,0,0,0.0,43
188,Rui Pedro,da Rocha Fonte,9,54,3,0,0,0,0,0,0.0,0.0,0.0,0,0,0.0,0,0,0,0.1,44
189,Aboubakar,Kamara,9,54,4,3,0,28,688,17,149.5,150.0,244.0,2,82,53.1,1,0,2,9.3,45
455,Maxime,Le Marchand,9,54,2,0,1,19,1440,37,114.2,384.4,73.0,1,255,57.4,0,0,1,0.2,42
456,Jean Michael,Seri,9,54,3,1,3,59,1824,43,706.4,376.2,114.0,6,351,119.8,2,0,6,1.5,50
460,Cyrus,Christie,9,54,2,0,0,24,1395,29,230.4,293.8,82.0,0,180,60.6,2,0,4,0.2,42
474,Fabricio,Agosto Ramírez,9,54,1,0,0,8,180,5,0.0,115.2,0.0,2,47,11.5,0,0,0,0.2,43
478,André,Schürrle,9,54,3,6,0,72,1557,41,289.4,352.8,439.0,2,250,107.5,2,0,2,2.9,56
480,Aleksandar,Mitrovic,9,54,4,10,3,103,2110,52,352.8,535.0,1093.0,12,327,198.4,2,0,5,14.9,65
487,Alfie,Mawson,9,54,2,0,0,18,1035,22,22.4,234.6,29.0,2,155,28.6,1,0,2,0.1,48
509,Sergio,Rico,9,54,1,0,0,42,1350,28,20.3,403.0,0.0,3,265,42.2,2,0,0,0.4,44
510,Joe,Bryan,9,54,2,0,1,26,1094,26,186.4,212.6,79.0,1,194,47.7,2,0,0,0.1,48
511,Timothy,Fosu-Mensah,9,54,2,0,0,3,536,14,86.8,70.2,26.0,0,64,18.2,0,0,3,0.4,45
512,André-Frank,Zambo Anguissa,9,54,3,0,0,15,636,17,54.8,121.8,45.0,0,91,22.2,0,1,0,0.1,44
513,Luciano,Vietto,9,54,4,1,4,41,806,16,271.1,192.8,323.0,4,148,78.4,1,0,1,0.5,53
521,Ibrahima,Cissé,9,54,3,0,0,4,86,4,2.1,11.6,0.0,0,16,1.4,0,0,0,0.1,43
541,Zeze Steven,Sessegnon,9,54,2,0,0,0,0,0,0.0,0.0,0.0,0,0,0.0,0,0,0,0.1,40
575,Ryan,Babel,9,54,3,0,2,8,144,3,76.8,34.4,56.0,0,31,16.8,0,0,1,0.3,55
593,Håvard,Nordtveit,9,54,2,0,0,0,0,0,0.0,0.0,0.0,0,0,0.0,0,0,0,0.0,45
594,Lazar,Markovic,9,54,3,0,0,0,0,0,0.0,0.0,0.0,0,0,0.0,0,0,0,0.0,50
146,Jason,Puncheon,10,38,3,0,0,11,281,4,51.6,29.0,23.0,0,36,10.4,1,0,1,1.3,42
190,Ben,Hamer,10,38,1,0,0,4,192,9,0.0,78.4,0.0,0,39,7.8,0,0,0,6.5,40
191,Jonas,Lössl,10,38,1,0,0,74,1967,32,20.3,524.6,0.0,5,382,54.4,4,0,0,1.9,44
192,Christopher,Schindler,10,38,2,1,1,60,2090,41,31.5,391.6,137.0,7,327,56.1,4,1,3,2.4,43
193,Chris,Löwe,10,38,2,0,2,37,1354,31,259.0,211.4,88.0,6,214,55.7,1,0,1,0.1,44
194,Tommy,Smith,10,38,2,0,0,6,356,10,19.1,53.0,12.0,0,54,8.5,1,0,2,0.1,44
195,Mathias,Jorgensen,10,38,2,3,1,64,1877,32,101.4,493.2,159.0,4,358,75.6,3,0,6,3.1,44
196,Scott,Malone,10,38,2,0,0,0,0,0,0.0,0.0,0.0,0,0,0.0,0,0,0,1.2,40
197,Florent,Hadergjonaj,10,38,2,0,0,48,1658,29,360.4,243.2,80.0,1,279,68.3,4,0,1,0.1,44
198,Terence,Kongolo,10,38,2,1,0,41,1671,34,96.8,311.6,107.0,0,244,51.6,3,0,2,0.2,43
199,Aaron,Mooy,10,38,3,2,0,45,1357,20,462.6,308.8,231.0,3,246,100.4,3,0,2,1.0,50
200,Rajiv,van La Parra,10,38,3,0,0,10,405,6,57.6,27.8,41.0,0,13,12.6,1,0,0,0.0,46
201,Jonathan,Hogg,10,38,3,0,1,37,1489,23,179.5,257.4,24.0,3,232,46.1,4,1,4,0.3,44
202,Philip,Billing,10,38,3,2,0,55,1840,35,309.7,444.2,299.0,4,281,105.5,4,0,5,1.5,45
203,Tom,Ince,10,38,3,0,0,0,0,0,0.0,0.0,0.0,0,0,0.0,0,0,0,0.0,50
204,Danny,Williams,10,38,3,0,0,4,83,0,1.1,5.0,1.0,0,6,0.6,1,0,1,0.0,45
205,Abdelhamid,Sabiri,10,38,3,0,0,2,48,3,0.5,4.2,2.0,0,6,0.7,0,0,0,0.0,43
206,Alex,Pritchard,10,38,3,1,0,44,1422,26,308.1,172.6,408.0,0,143,88.8,5,0,1,0.1,48
207,Ramadan,Sobhi,10,38,3,0,0,4,75,2,48.2,15.4,6.0,0,13,6.9,0,0,0,0.1,47
208,Juninho,Bacuna,10,38,3,0,0,9,358,9,102.4,64.2,11.0,0,47,17.7,0,0,2,0.2,42
209,Collin,Quaner,10,38,4,0,0,2,37,2,13.7,2.2,0.0,0,3,1.6,0,0,0,3.9,43
210,Laurent,Depoitre,10,38,4,0,1,31,959,21,109.8,42.4,356.0,0,31,50.0,0,0,1,0.4,51
211,Steve,Mounie,10,38,4,1,4,47,1247,21,219.8,179.4,592.0,2,113,97.3,4,1,0,0.2,58
212,Elias,Kachunga,10,38,4,0,0,14,609,11,83.1,51.6,102.0,0,13,23.5,1,0,1,0.1,48
461,Erik,Durm,10,38,2,0,1,35,1182,22,162.3,179.8,102.0,2,185,44.4,2,0,0,0.1,44
471,Adama,Diakhaby,10,38,3,0,0,12,374,10,52.2,25.8,32.0,0,33,10.8,1,0,0,0.0,45
514,Isaac,Mbenza,10,38,3,0,1,23,560,12,68.9,59.0,134.0,0,79,25.9,0,0,1,0.0,59
522,Jon Gorenc,Stankovic,10,38,2,1,0,6,91,6,0.3,49.6,34.0,0,26,8.4,0,0,0,2.9,39
533,Ryan,Schofield,10,38,1,0,0,0,0,0,0.0,0.0,0.0,0,0,0.0,0,0,0,0.1,40
585,Karlan,Grant,10,38,4,0,0,0,0,0,0.0,0.0,0.0,0,0,0.0,0,0,0,0.0,50
213,Kasper,Schmeichel,11,13,1,0,0,81,2160,30,0.0,459.6,4.0,6,403,46.2,7,0,1,4.7,50
214,Eldin,Jakupovic,11,13,1,0,0,0,0,0,0.0,0.0,0.0,0,0,0.0,0,0,0,0.1,43
215,Wes,Morgan,11,13,2,1,0,46,1480,23,37.3,307.8,197.0,2,256,54.3,5,2,1,0.9,45
216,Christian,Fuchs,11,13,2,0,0,2,90,1,32.1,20.2,0.0,0,16,5.2,0,0,0,0.4,41
217,Danny,Simpson,11,13,2,0,0,11,275,4,12.5,73.4,2.0,0,47,8.8,1,0,0,0.2,42
218,Yohan,Benalouane,11,13,2,0,0,0,0,0,0.0,0.0,0.0,0,0,0.0,0,0,0,0.8,39
219,Benjamin,Chilwell,11,13,2,0,3,78,2070,29,388.4,432.8,168.0,8,361,99.4,7,0,3,2.2,50
220,Harry,Maguire,11,13,2,3,1,68,1603,24,110.4,492.4,320.0,8,356,92.2,4,0,5,8.6,54
221,Ricardo Domingos,Barbosa Pereira,11,13,2,2,5,96,1863,27,301.3,563.2,286.0,14,403,115.0,7,0,5,11.7,53
222,Jonny,Evans,11,13,2,0,0,37,913,10,14.0,176.0,90.0,0,185,28.1,5,0,2,0.3,48
224,Marc,Albrighton,11,13,3,2,2,52,1300,15,327.8,322.8,197.0,4,237,84.8,3,0,3,0.5,51
225,Demarai,Gray,11,13,3,3,1,57,1271,17,191.8,235.2,384.0,2,163,80.9,5,0,2,0.8,54
226,Daniel,Amartey,11,13,3,0,0,15,639,9,46.7,139.0,21.0,0,103,20.8,1,0,2,0.2,43
227,Wilfred,Ndidi,11,13,3,2,0,63,2128,29,225.1,451.4,273.0,4,340,95.0,7,0,5,0.8,49
228,Vicente,Iborra,11,13,3,0,0,9,224,4,27.8,26.8,25.0,0,31,8.0,0,0,0,0.0,47
229,Matty,James,11,13,3,0,0,0,0,0,0.0,0.0,0.0,0,0,0.0,0,0,0,0.0,44
230,Hamza,Choudhury,11,13,3,0,0,11,332,3,30.5,67.2,41.0,0,41,14.0,2,0,0,0.2,43
231,Adrien Sebastian,Perruchet Silva,11,13,3,0,0,3,87,1,6.3,14.2,0.0,0,16,2.1,0,0,0,0.2,47
232,Fousseni,Diabaté,11,13,3,0,0,1,54,1,15.8,7.4,0.0,0,4,2.3,0,0,0,0.0,46
233,James,Maddison,11,13,3,5,4,83,1655,26,797.4,485.0,414.0,7,374,169.4,5,1,2,3.8,66
234,Jamie,Vardy,11,13,4,7,3,85,1534,20,195.8,375.2,602.0,15,258,117.0,8,1,1,3.8,88
235,Shinji,Okazaki,11,13,4,0,1,18,174,2,22.1,39.0,69.0,0,43,12.8,0,0,0,0.5,52
236,Kelechi,Iheanacho,11,13,4,1,5,49,840,12,190.6,127.8,194.0,3,140,50.8,1,0,1,0.9,57
457,Danny,Ward,11,13,1,0,0,0,0,0,0.0,0.0,0.0,0,0,0.0,0,0,0,0.1,43
492,Rachid,Ghezzal,11,13,3,1,0,23,570,10,251.9,113.0,197.0,2,80,56.1,1,0,2,0.1,50
501,Filip,Benkovic,11,13,2,0,0,0,0,0,0.0,0.0,0.0,0,0,0.0,0,0,0,0.0,50
515,Caglar,Söyüncü,11,13,2,0,0,7,281,3,2.2,59.2,22.0,0,37,8.4,0,0,1,0.0,49
527,Nampalys,Mendy,11,13,3,0,1,49,1903,27,89.2,215.2,22.0,0,255,32.7,7,0,4,1.1,45
558,Josh,Knight,11,13,2,0,0,0,0,0,0.0,0.0,0.0,0,0,0.0,0,0,0,0.0,40
571,Harvey,Barnes,11,13,3,0,1,6,117,3,20.5,9.6,82.0,0,14,11.2,0,0,0,0.0,55
591,Youri,Tielemans,11,13,3,0,0,0,0,0,0.0,0.0,0.0,0,0,0.0,0,0,0,0.0,60
237,Simon,Mignolet,12,14,1,0,0,0,0,0,0.0,0.0,0.0,0,0,0.0,0,0,0,0.1,47
238,Loris,Karius,12,14,1,0,0,0,0,0,0.0,0.0,0.0,0,0,0.0,0,0,0,0.1,49
239,Dejan,Lovren,12,14,2,1,1,54,810,5,27.0,196.8,68.0,9,207,29.2,5,0,1,1.9,49
240,Alberto,Moreno,12,14,2,0,0,4,154,2,42.0,20.0,5.0,0,24,6.7,0,0,0,0.3,41
242,Joseph,Gomez,12,14,2,0,0,52,1047,4,91.8,208.6,44.0,2,259,34.5,7,0,2,1.1,49
243,Joel,Matip,12,14,2,1,0,30,455,6,15.5,146.2,48.0,3,125,21.0,2,0,1,0.4,49
244,Ragnar,Klavan,12,14,2,0,0,0,0,0,0.0,0.0,0.0,0,0,0.0,0,0,0,0.0,44
245,Trent,Alexander-Arnold,12,14,2,1,3,93,1502,8,387.5,355.0,165.0,8,383,90.6,10,0,3,13.6,52
246,Virgil,van Dijk,12,14,2,1,3,119,2124,14,63.9,563.2,312.0,12,565,94.0,12,0,1,27.5,65
247,Andrew,Robertson,12,14,2,0,6,131,1963,12,442.2,432.0,195.0,20,554,107.0,13,0,1,37.6,68
248,Alex,Oxlade-Chamberlain,12,14,3,0,0,0,0,0,0.0,0.0,0.0,0,0,0.0,0,0,0,0.0,64
249,Jordan,Henderson,12,14,3,0,0,36,1230,10,184.5,192.4,43.0,0,242,42.3,6,1,0,0.6,53
250,Adam,Lallana,12,14,3,0,1,14,227,1,81.6,38.6,67.0,0,48,18.7,2,0,1,0.7,69
251,Sadio,Mané,12,14,3,10,2,124,1840,13,402.4,530.4,797.0,15,380,172.9,11,0,1,19.1,95
252,Georginio,Wijnaldum,12,14,3,1,1,62,1769,10,230.8,250.6,220.0,3,273,70.3,11,0,2,0.8,55
253,Mohamed,Salah,12,14,3,16,8,179,2025,12,685.0,854.2,1342.0,15,514,288.4,13,0,0,50.2,136
254,James,Milner,12,14,3,3,3,65,1226,10,449.4,355.4,202.0,9,288,101.1,6,1,2,2.4,56
255,Fabio Henrique,Tavares,12,14,3,1,2,38,1005,7,140.8,254.6,137.0,0,159,53.4,5,0,3,0.6,55
256,Naby,Keita,12,14,3,0,1,36,874,5,121.1,142.6,260.0,0,128,52.4,6,0,0,1.6,71
257,Roberto,Firmino,12,14,4,9,5,114,1865,10,430.2,538.4,851.0,17,463,181.3,15,0,0,21.4,93
462,Xherdan,Shaqiri,12,14,3,6,4,81,971,6,306.1,338.0,281.0,4,274,92.5,7,0,1,2.8,71
468,Alisson,Ramses Becker,12,14,1,0,0,110,2160,14,0.1,435.4,0.0,5,487,43.4,13,0,0,24.9,60
472,Daniel,Sturridge,12,14,4,2,0,23,271,2,76.2,96.2,153.0,2,89,32.2,1,0,1,0.9,56
543,Divock,Origi,12,14,4,1,1,12,72,1,23.3,50.0,44.0,1,42,11.7,0,0,0,0.1,50
557,Rafael,Camacho,12,14,3,0,0,1,1,1,0.0,2.0,0.0,0,3,0.2,0,0,0,0.0,50
223,Riyad,Mahrez,13,43,3,5,2,69,937,7,286.5,303.6,488.0,9,232,107.9,3,0,0,1.9,83
260,Ederson,Santana de Moraes,13,43,1,0,1,97,2160,19,23.0,373.6,0.0,4,420,39.7,10,0,2,21.2,56
261,Claudio,Bravo,13,43,1,0,0,0,0,0,0.0,0.0,0.0,0,0,0.0,0,0,0,0.1,48
262,John,Stones,13,43,2,0,0,53,1343,15,93.1,286.4,28.0,7,302,40.7,5,0,1,5.8,52
263,Vincent,Kompany,13,43,2,0,0,21,553,4,26.6,148.6,30.0,2,128,20.6,2,0,4,1.1,52
264,Nicolás,Otamendi,13,43,2,0,0,36,688,5,27.0,157.4,56.0,0,195,24.0,5,0,0,2.4,61
265,Kyle,Walker,13,43,2,1,1,83,1628,13,238.6,317.8,98.0,4,393,65.4,9,0,1,10.8,64
266,Danilo Luiz,da Silva,13,43,2,1,0,28,622,7,106.4,134.6,81.0,3,132,32.2,2,0,1,1.8,51
267,Benjamin,Mendy,13,43,2,0,6,57,810,5,213.3,231.2,63.0,6,250,50.6,4,0,1,6.3,61
268,Aymeric,Laporte,13,43,2,1,0,87,2066,18,144.1,448.2,170.0,1,449,76.5,10,0,3,12.3,59
269,Fabian,Delph,13,43,2,0,1,29,722,9,97.8,153.8,24.0,2,186,27.5,3,1,1,0.3,53
270,Raheem,Sterling,13,43,3,10,10,144,1743,16,630.8,663.0,957.0,16,488,225.2,9,0,2,12.0,113
271,David,Silva,13,43,3,6,3,94,1430,11,723.9,488.4,741.0,11,414,195.5,8,0,1,4.8,85
272,Fernando,Luiz Rosa,13,43,3,1,3,66,1914,14,330.7,450.4,184.0,4,372,96.8,9,0,4,4.0,53
273,Kevin,De Bruyne,13,43,3,1,1,22,375,1,191.7,108.0,67.0,2,104,36.6,2,0,2,4.5,97
274,Ilkay,Gündogan,13,43,3,4,2,66,961,11,374.4,292.2,340.0,8,272,100.7,4,0,0,1.9,54
275,Leroy,Sané,13,43,3,8,11,129,1381,12,528.7,573.4,805.0,13,428,190.9,7,0,1,21.1,98
276,Bernardo Mota,Veiga de Carvalho e Silva,13,43,3,5,6,100,1801,18,616.5,513.0,576.0,11,414,170.7,7,0,3,8.0,76
277,Phil,Foden,13,43,3,0,0,8,92,0,63.6,18.6,69.0,0,34,15.1,0,0,0,0.1,45
278,Brahim,Diaz,13,43,3,0,0,0,0,0,0.0,0.0,0.0,0,0,0.0,0,0,0,0.0,47
279,Oleksandr,Zinchenko,13,43,3,0,1,9,233,2,81.5,69.4,30.0,0,59,18.1,1,0,0,0.0,47
280,Sergio,Agüero,13,43,4,11,8,113,1441,12,331.3,544.6,1002.0,12,419,187.6,8,0,4,29.1,114
281,Gabriel Fernando,de Jesus,13,43,4,5,2,57,794,10,222.3,277.8,657.0,7,194,115.8,1,0,0,2.3,101
529,Arijanet,Muric,13,43,1,0,0,0,0,0,0.0,0.0,0.0,0,0,0.0,0,0,0,0.0,45
282,David,De Gea,14,1,1,0,0,77,2160,35,0.0,594.6,0.0,4,421,59.5,4,0,0,15.7,57
283,Sergio,Romero,14,1,1,0,0,0,0,0,0.0,0.0,0.0,0,0,0.0,0,0,0,0.1,49
284,Chris,Smalling,14,1,2,1,0,35,1137,19,16.2,258.0,116.0,3,188,39.1,2,0,1,1.2,56
285,Phil,Jones,14,1,2,0,0,24,785,10,18.7,148.0,28.0,1,154,19.6,2,0,0,0.6,51
286,Luke,Shaw,14,1,2,1,2,50,1601,27,299.0,354.6,201.0,5,280,85.6,3,0,7,7.8,50
287,Marcos,Rojo,14,1,2,0,0,-1,103,3,1.5,14.2,24.0,0,1,4.0,0,0,1,0.1,49
288,Antonio,Valencia,14,1,2,0,0,16,450,5,99.1,59.8,3.0,1,90,16.2,2,0,2,0.7,64
289,Matteo,Darmian,14,1,2,0,0,13,361,6,34.3,77.4,7.0,2,69,11.9,1,0,0,0.2,46
290,Daley,Blind,14,1,2,0,0,0,0,0,0.0,0.0,0.0,0,0,0.0,0,0,0,0.0,50
291,Eric,Bailly,14,1,2,0,0,6,458,12,2.2,90.8,6.0,0,67,10.0,0,1,0,1.3,50
292,Victor,Lindelöf,14,1,2,1,0,57,1708,25,55.8,368.6,90.0,6,331,51.5,4,0,1,3.9,49
293,Ashley,Young,14,1,2,1,3,45,1567,28,395.5,313.0,79.0,1,269,78.8,2,0,6,1.7,57
294,José Diogo,Dalot Teixeira,14,1,2,0,1,10,392,5,108.4,75.0,23.0,0,64,20.6,0,0,2,0.1,53
295,Alexis,Sánchez,14,1,3,1,5,37,524,8,233.2,172.4,258.0,1,132,66.4,1,0,2,1.2,100
296,Nemanja,Matic,14,1,3,1,0,47,1856,29,215.6,403.4,169.0,2,305,78.9,4,1,3,0.8,50
297,Juan,Mata,14,1,3,2,2,46,883,12,284.3,175.0,188.0,5,184,64.9,3,0,2,1.0,62
298,Marouane,Fellaini,14,1,3,0,2,26,746,14,65.6,172.2,145.0,0,119,38.1,1,0,1,0.5,48
299,Ander,Herrera,14,1,3,2,3,50,1014,16,168.3,328.6,191.0,6,237,68.9,2,0,3,1.1,50
300,Jesse,Lingard,14,1,3,4,3,67,1172,18,232.8,266.4,286.0,5,225,78.6,2,0,1,4.8,67
301,Anthony,Martial,14,1,3,8,2,90,1177,18,392.5,399.0,457.0,11,289,124.7,3,0,1,6.0,72
302,Paul,Pogba,14,1,3,9,8,120,1764,24,507.8,740.8,911.0,12,420,216.3,5,0,3,37.7,87
303,Scott,McTominay,14,1,3,0,0,9,252,8,9.2,40.8,37.0,0,43,8.7,0,0,0,0.7,42
304,Frederico,Rodrigues de Paula Santos,14,1,3,1,0,22,563,10,124.7,117.0,65.0,3,92,30.7,1,0,2,1.2,54
305,Marcus,Rashford,14,1,4,8,7,96,1436,20,340.4,495.4,691.0,12,328,152.4,4,1,3,39.8,77
306,Romelu,Lukaku,14,1,4,8,1,75,1320,26,225.6,367.4,686.0,8,255,128.1,2,0,2,3.8,107
481,Andreas,Pereira,14,1,3,0,0,7,235,6,26.7,33.0,24.0,0,39,8.4,0,0,2,0.2,45
520,Lee,Grant,14,1,1,0,0,0,0,0,0.0,0.0,0.0,0,0,0.0,0,0,0,0.0,49
568,Angel,Gomes,14,1,3,0,0,1,9,1,0.3,5.2,17.0,0,3,2.3,0,0,0,0.0,50
307,Robert,Elliot,15,4,1,0,0,0,0,0,0.0,0.0,0.0,0,0,0.0,0,0,0,0.2,43
308,Karl,Darlow,15,4,1,0,0,0,0,0,0.0,0.0,0.0,0,0,0.0,0,0,0,0.1,44
309,Martin,Dubravka,15,4,1,0,0,87,2160,32,0.0,568.8,0.0,7,433,56.8,7,0,0,0.6,50
310,DeAndre,Yedlin,15,4,2,1,1,47,1842,32,320.5,337.6,75.0,1,250,73.5,4,1,4,0.9,45
311,Ciaran,Clark,15,4,2,3,0,42,857,15,25.0,293.2,105.0,4,194,42.6,2,0,1,0.2,45
312,Jamaal,Lascelles,15,4,2,0,1,61,1710,23,39.8,408.4,80.0,7,333,53.1,6,0,2,2.8,46
313,Paul,Dummett,15,4,2,0,0,45,1261,17,75.4,262.8,31.0,3,240,36.9,5,0,0,0.1,44
314,Florian,Lejeune,15,4,2,0,0,9,270,3,2.0,63.4,15.0,0,62,8.0,1,0,0,0.0,44
315,Javier,Manquillo,15,4,2,0,1,27,557,8,70.1,122.6,7.0,3,118,20.1,2,0,1,0.3,43
316,Chancel,Mbemba,15,4,2,0,0,0,0,0,0.0,0.0,0.0,0,0,0.0,0,0,0,0.1,40
317,Matt,Ritchie,15,4,3,1,4,63,1730,25,571.2,340.6,284.0,4,265,119.5,6,0,6,0.4,58
318,Jonjo,Shelvey,15,4,3,0,1,24,748,12,286.5,162.4,118.0,0,116,56.7,3,0,0,0.4,53
319,Mohamed,Diamé,15,4,3,0,0,44,1826,27,70.5,250.2,146.0,0,161,46.9,6,0,3,0.1,48
320,Christian,Atsu,15,4,3,0,0,28,1017,13,179.6,142.0,223.0,0,88,54.4,3,0,2,0.1,51
321,Jacob,Murphy,15,4,3,0,1,16,296,8,31.1,53.6,22.0,0,50,10.7,1,0,0,0.0,47
322,Mikel,Merino,15,4,3,0,0,0,0,0,0.0,0.0,0.0,0,0,0.0,0,0,0,0.0,50
323,Isaac,Hayden,15,4,3,0,2,23,673,11,76.6,155.4,46.0,0,106,27.8,2,1,0,0.3,43
324,Sung-yueng,Ki,15,4,3,0,1,25,844,12,212.5,123.8,25.0,1,139,36.1,2,0,1,0.1,47
325,Dwight,Gayle,15,4,4,0,0,0,0,0,0.0,0.0,0.0,0,0,0.0,0,0,0,0.1,60
326,Ayoze,Pérez,15,4,4,3,1,64,1751,23,348.1,348.8,407.0,7,233,110.4,6,0,1,1.0,61
327,Jose Luis,Mato Sanmartín,15,4,4,2,0,28,577,15,35.8,116.2,290.0,3,80,44.1,1,0,1,2.3,47
458,Robert Kenedy,Nunes do Nascimento,15,4,3,1,1,44,1209,15,155.0,195.0,272.0,1,140,62.2,6,0,1,0.6,48
482,Fabian,Schär,15,4,2,2,0,40,968,11,59.7,348.0,116.0,3,188,52.4,3,0,7,0.5,46
488,Yoshinori,Muto,15,4,4,1,0,20,459,9,55.2,67.0,134.0,0,56,25.2,1,0,0,0.1,56
493,Salomón,Rondón,15,4,4,6,3,76,1348,15,169.3,318.6,564.0,11,227,104.9,5,0,1,3.2,57
516,Federico,Fernández,15,4,2,0,2,42,1260,21,52.5,313.8,68.0,5,244,43.5,3,0,2,0.2,44
530,Jamie,Sterry,15,4,2,0,0,0,0,0,0.0,0.0,0.0,0,0,0.0,0,0,0,0.1,40
531,Sean,Longstaff,15,4,3,0,1,11,287,5,3.3,37.4,28.0,0,37,6.9,1,0,0,0.0,45
553,Frederick,Woodman,15,4,1,0,0,0,0,0,0.0,0.0,0.0,0,0,0.0,0,0,0,0.2,40
577,Callum,Roberts,15,4,3,0,0,0,0,0,0.0,0.0,0.0,0,0,0.0,0,0,0,0.0,45
587,Miguel,Almirón,15,4,3,0,0,0,0,0,0.0,0.0,0.0,0,0,0.0,0,0,0,0.1,60
588,Antonio,Barreca,15,4,2,0,0,0,0,0,0.0,0.0,0.0,0,0,0.0,0,0,0,0.0,45
258,Danny,Ings,16,20,4,7,1,72,1223,20,231.9,363.0,638.0,11,261,123.3,4,0,1,5.7,55
328,Alex,McCarthy,16,20,1,0,0,68,2070,41,0.0,536.4,0.0,5,383,53.7,4,0,1,2.7,44
329,Fraser,Forster,16,20,1,0,0,0,0,0,0.0,0.0,0.0,0,0,0.0,0,0,0,0.6,42
330,Ryan,Bertrand,16,20,2,1,0,33,1080,21,251.0,207.0,85.0,1,171,54.2,4,0,5,1.9,48
331,Maya,Yoshida,16,20,2,0,0,16,799,17,34.2,175.6,67.0,0,134,27.7,1,0,0,0.6,41
332,Cédric,Soares,16,20,2,1,2,52,1493,31,226.5,309.0,103.0,7,273,63.9,4,0,4,3.0,42
333,Jack,Stephens,16,20,2,0,0,28,1047,20,59.8,245.6,102.0,1,183,40.8,3,0,3,0.2,42
334,Sam,McQueen,16,20,2,0,0,0,0,0,0.0,0.0,0.0,0,0,0.0,0,0,0,0.5,40
335,Jan,Bednarek,16,20,2,0,0,16,890,13,16.8,273.8,6.0,0,134,29.8,1,0,5,6.3,40
336,Wesley,Hoedt,16,20,2,0,0,29,1170,24,20.0,283.6,41.0,3,206,34.7,4,0,2,0.2,42
337,Steven,Davis,16,20,3,0,1,9,97,4,41.6,38.8,2.0,2,39,8.2,0,0,0,0.1,46
338,James,Ward-Prowse,16,20,3,3,0,41,747,18,352.3,271.0,158.0,8,176,78.1,1,0,1,1.4,50
339,Oriol,Romeu Vidal,16,20,3,0,0,26,1129,20,77.6,245.8,85.0,0,136,41.0,3,0,5,1.5,43
340,Pierre-Emile,Højbjerg,16,20,3,3,1,48,1590,36,251.6,371.2,289.0,4,272,91.6,2,2,6,2.6,44
341,Sofiane,Boufal,16,20,3,0,0,0,0,0,0.0,0.0,0.0,0,0,0.0,0,0,0,0.0,55
342,Joshua,Sims,16,20,3,0,0,0,0,0,0.0,0.0,0.0,0,0,0.0,0,0,0,0.0,44
343,Nathan,Redmond,16,20,3,2,2,71,2063,36,483.8,341.2,459.0,3,244,127.9,6,0,1,1.6,53
344,Mario,Lemina,16,20,3,0,2,40,1477,32,169.8,257.4,172.0,1,223,60.0,4,0,5,0.2,47
345,Stuart,Armstrong,16,20,3,3,0,45,988,19,272.2,230.0,259.0,2,169,76.0,2,0,2,0.3,51
346,Mohamed,Elyounoussi,16,20,3,0,0,24,652,6,207.9,79.8,167.0,0,79,45.4,4,0,0,0.1,60
347,Shane,Long,16,20,4,1,2,32,670,14,89.7,103.6,217.0,3,80,40.9,1,0,2,2.5,47
348,Charlie,Austin,16,20,4,2,0,29,711,11,68.1,119.8,309.0,1,78,49.4,4,0,1,0.4,55
349,Manolo,Gabbiadini,16,20,4,1,0,23,468,12,72.7,74.4,167.0,3,56,30.8,0,0,0,0.1,56
350,Guido,Carrillo,16,20,4,0,0,0,0,0,0.0,0.0,0.0,0,0,0.0,0,0,0,0.0,55
452,Angus,Gunn,16,20,1,0,0,11,90,0,0.0,45.8,0.0,3,34,4.6,1,0,0,0.2,43
463,Jannik,Vestergaard,16,20,2,0,0,33,1334,20,58.9,366.6,61.0,0,257,48.8,3,0,2,0.3,46
479,Matt,Targett,16,20,2,0,3,26,915,20,305.4,233.8,71.0,3,180,61.1,0,0,1,0.2,42
550,Michael,Obafemi,16,20,4,1,1,12,115,3,27.4,62.6,127.0,0,42,21.6,0,0,1,0.0,50
556,Yan,Valery,16,20,2,0,0,13,709,10,31.0,113.6,38.0,0,84,17.9,1,1,2,0.5,40
562,Tyreke,Johnson,16,20,3,0,0,1,1,0,0.0,0.0,0.0,0,3,0.0,0,0,0,0.0,45
565,Kayne,Ramsay,16,20,2,0,0,1,90,3,0.0,11.2,0.0,0,9,1.1,0,0,0,0.0,40
570,Callum,Slattery,16,20,3,0,0,2,20,0,0.6,7.0,0.0,0,6,0.7,0,0,0,0.0,45
574,Sam,Gallagher,16,20,4,0,0,1,1,0,0.0,0.0,0.0,0,3,0.0,0,0,0,0.1,45
351,Hugo,Lloris,17,6,1,0,0,85,1800,19,0.0,504.6,0.0,5,419,50.5,8,0,0,5.2,54
352,Michel,Vorm,17,6,1,0,0,5,180,4,0.0,66.8,0.0,1,36,6.6,0,0,0,0.1,48
353,Toby,Alderweireld,17,6,2,0,0,78,1970,19,80.0,460.6,170.0,5,456,71.0,9,0,2,4.1,60
354,Danny,Rose,17,6,2,0,3,57,987,6,221.4,191.0,112.0,4,221,52.4,6,0,3,1.1,58
355,Jan,Vertonghen,17,6,2,1,0,34,1017,14,62.3,278.0,62.0,4,212,40.1,2,1,0,3.9,59
356,Ben,Davies,17,6,2,0,0,43,1265,18,205.5,269.0,87.0,4,234,56.3,4,0,2,1.9,56
357,Kieran,Trippier,17,6,2,1,5,86,1555,16,526.0,421.2,90.0,8,403,103.8,7,0,2,18.2,61
358,Kyle,Walker-Peters,17,6,2,0,3,19,102,0,35.3,61.2,9.0,3,55,10.5,1,0,0,0.9,42
359,Davinson,Sánchez,17,6,2,0,2,46,1063,12,20.0,248.2,87.0,4,241,35.6,4,0,2,1.4,58
360,Serge,Aurier,17,6,2,0,2,23,472,7,89.1,126.8,14.0,0,98,23.0,2,0,1,0.5,58
361,Eric,Dier,17,6,3,2,0,40,1128,12,115.8,240.8,74.0,1,193,43.2,5,0,3,1.0,47
362,Mousa,Dembélé,17,6,3,0,0,14,512,6,17.5,51.0,1.0,0,74,7.1,1,0,1,0.7,49
363,Erik,Lamela,17,6,3,4,2,53,698,8,220.5,230.8,342.0,4,171,79.2,3,0,0,0.6,61
364,Christian,Eriksen,17,6,3,4,8,91,1510,22,574.3,481.8,329.0,8,390,138.8,4,0,2,6.5,94
365,Bamidele,Alli,17,6,3,5,2,73,1193,14,254.3,362.0,503.0,8,257,112.0,6,0,2,2.5,89
366,Victor,Wanyama,17,6,3,0,0,6,147,0,7.3,23.0,21.0,0,25,5.1,1,0,0,0.0,49
367,Heung-Min,Son,17,6,3,9,7,115,1167,12,285.3,496.6,613.0,12,356,139.4,7,0,1,11.5,86
368,Harry,Winks,17,6,3,1,0,43,1237,13,121.2,215.0,60.0,3,208,39.6,5,0,4,0.3,55
369,Moussa,Sissoko,17,6,3,0,1,45,1371,16,214.9,184.2,101.0,2,229,49.8,7,0,0,0.2,49
370,Lucas,Rodrigues Moura da Silva,17,6,3,6,2,85,1380,12,263.8,353.6,401.0,5,219,101.6,10,0,2,5.9,68
371,Fernando,Llorente,17,6,4,1,1,18,216,2,68.0,66.8,131.0,3,47,26.4,0,0,0,2.5,57
372,Harry,Kane,17,6,4,14,6,132,1883,22,340.5,691.6,1030.0,19,485,206.2,8,0,4,13.6,124
497,Georges-Kévin,Nkoudou,17,6,3,0,1,4,4,0,14.3,19.0,0.0,0,17,3.3,0,0,0,0.0,48
523,Luke,Amos,17,6,3,0,0,1,2,0,0.1,2.2,0.0,0,3,0.2,0,0,0,0.1,43
536,Paulo,Gazzaniga,17,6,1,0,0,10,180,1,0.0,55.6,0.0,0,48,5.5,1,0,0,0.0,45
538,Alfie,Whiteman,17,6,1,0,0,0,0,0,0.0,0.0,0.0,0,0,0.0,0,0,0,0.2,40
540,Oliver,Skipp,17,6,3,0,0,7,115,1,14.6,23.0,4.0,0,24,4.3,1,0,0,0.0,45
549,Juan,Foyth,17,6,2,1,0,25,540,8,3.8,167.2,40.0,3,110,21.2,2,0,1,0.2,50
561,Timothy,Eyoma,17,6,2,0,0,0,0,0,0.0,0.0,0.0,0,0,0.0,0,0,0,0.0,40
578,Kazaiah,Sterling,17,6,4,0,0,0,0,0,0.0,0.0,0.0,0,0,0.0,0,0,0,0.0,45
373,Heurelho,Gomes,18,57,1,0,0,0,0,0,0.0,0.0,0.0,0,0,0.0,0,0,0,0.3,43
374,Pontus,Dahlberg,18,57,1,0,0,0,0,0,0.0,0.0,0.0,0,0,0.0,0,0,0,0.1,43
375,Younes,Kaboul,18,57,2,0,0,0,0,0,0.0,0.0,0.0,0,0,0.0,0,0,0,0.1,42
376,Craig,Cathcart,18,57,2,3,0,66,2061,34,20.1,494.6,223.0,3,358,74.0,4,0,1,1.0,45
377,Sebastian,Prödl,18,57,2,0,0,1,13,0,0.0,0.0,0.0,0,2,0.0,0,0,0,0.1,42
378,José,Holebas,18,57,2,3,7,80,1805,30,487.4,543.8,122.0,8,361,115.5,3,0,9,13.4,48
379,Miguel,Britos,18,57,2,0,0,1,13,0,0.0,1.2,0.0,0,3,0.1,0,0,0,0.0,43
380,Christian,Kabasele,18,57,2,0,0,29,1131,18,12.6,248.8,169.0,1,150,43.0,3,1,1,0.3,44
381,Daryl,Janmaat,18,57,2,0,1,23,701,9,109.0,156.8,33.0,4,124,30.1,1,0,2,0.2,49
382,Adrian,Mariappa,18,57,2,0,0,36,1102,17,14.7,237.0,52.0,2,206,30.3,3,0,1,0.3,42
383,Francisco,Femenía Far,18,57,2,0,1,50,1390,24,176.4,291.2,29.0,6,299,49.6,4,0,1,1.3,42
384,Marvin,Zeegelaar,18,57,2,0,0,0,0,0,0.0,0.0,0.0,0,0,0.0,0,0,0,0.0,42
385,Marc,Navarro,18,57,2,0,0,1,83,2,5.3,15.0,2.0,0,8,2.2,0,0,0,0.0,42
386,Adam,Masina,18,57,2,0,1,19,354,4,46.5,85.0,12.0,1,91,14.4,2,0,2,0.1,43
387,Nathaniel,Chalobah,18,57,3,0,0,6,191,4,14.9,25.2,31.0,0,23,7.2,0,0,2,0.1,44
388,Tom,Cleverley,18,57,3,1,0,16,229,0,15.9,66.8,35.0,2,51,11.8,2,0,1,0.0,50
389,Etienne,Capoue,18,57,3,1,2,54,1799,27,125.6,411.0,96.0,8,309,63.4,5,1,7,0.5,48
390,Abdoulaye,Doucouré,18,57,3,3,5,80,1891,31,339.9,457.6,455.0,9,348,125.2,4,0,3,1.5,59
391,Roberto,Pereyra,18,57,3,6,4,105,2079,34,332.2,361.6,556.0,13,343,125.3,5,0,2,14.4,62
392,Will,Hughes,18,57,3,1,1,43,1315,21,209.3,212.0,215.0,2,142,63.6,4,0,3,0.5,49
394,Gerard,Deulofeu,18,57,3,3,3,60,1146,14,296.7,226.4,347.0,4,159,86.8,5,0,2,1.9,55
395,Andre,Gray,18,57,4,3,0,35,714,11,102.3,131.8,299.0,2,93,52.6,3,0,1,0.5,59
396,Troy,Deeney,18,57,4,5,2,70,1724,28,365.0,355.4,698.0,7,239,141.8,3,0,2,5.3,60
397,Stefano,Okaka,18,57,4,0,0,1,22,1,24.7,3.2,26.0,0,-1,5.2,0,0,1,0.1,50
398,Jerome,Sinclair,18,57,4,0,0,0,0,0,0.0,0.0,0.0,0,0,0.0,0,0,0,0.7,44
445,Ben,Foster,18,57,1,0,0,84,2160,34,40.0,579.0,1.0,7,443,62.1,5,0,1,5.3,45
446,Ken,Sema,18,57,3,1,2,29,522,8,77.6,108.8,132.0,1,80,31.6,2,0,1,0.2,46
517,Domingos,Quina,18,57,3,1,0,14,294,4,38.9,61.4,20.0,2,57,12.0,0,0,0,0.1,44
524,Isaac,Success Ajayi,18,57,4,1,0,32,882,17,247.1,114.0,306.0,0,91,66.5,2,0,3,3.5,46
544,Ben,Wilmot,18,57,2,0,0,1,26,2,0.3,7.2,0.0,0,8,0.8,0,0,0,0.1,40
554,Adalberto,Peñaranda,18,57,4,0,0,0,0,0,0.0,0.0,0.0,0,0,0.0,0,0,0,0.0,50
399,Adrián,San Miguel del Castillo,19,21,1,0,0,0,0,0,0.0,0.0,0.0,0,0,0.0,0,0,0,0.3,43
400,Lukasz,Fabianski,19,21,1,0,0,95,2160,37,10.0,696.8,0.0,13,469,70.5,4,0,0,16.8,48
401,Winston,Reid,19,21,2,0,0,0,0,0,0.0,0.0,0.0,0,0,0.0,0,0,0,0.0,44
402,Aaron,Cresswell,19,21,2,0,0,20,925,14,174.2,182.8,29.0,0,149,38.7,1,0,1,0.5,50
403,Angelo,Ogbonna,19,21,2,0,0,17,876,19,28.2,165.4,71.0,0,131,26.4,1,0,1,0.4,42
404,Sam,Byram,19,21,2,0,0,0,0,0,0.0,0.0,0.0,0,0,0.0,0,0,0,0.0,45
405,Pablo,Zabaleta,19,21,2,0,1,46,1602,25,109.7,349.8,60.0,4,287,52.1,4,0,4,2.1,43
406,Declan,Rice,19,21,2,1,0,56,1845,29,126.2,364.4,150.0,5,377,63.9,4,0,2,1.8,44
407,Reece,Oxford,19,21,2,0,0,0,0,0,0.0,0.0,0.0,0,0,0.0,0,0,0,0.1,42
408,Ryan,Fredericks,19,21,2,0,0,2,287,8,37.2,46.4,10.0,0,25,9.5,0,0,2,0.2,45
409,Issa,Diop,19,21,2,0,0,47,1980,31,48.3,425.2,91.0,2,358,56.6,4,0,3,0.8,43
410,Arthur,Masuaku,19,21,3,0,1,33,1250,24,104.0,310.0,35.0,0,214,45.0,2,0,1,1.9,43
411,Mark,Noble,19,21,3,0,3,39,1344,19,184.8,206.6,68.0,0,196,45.9,4,1,5,0.2,48
413,Pedro,Obiang,19,21,3,0,1,28,802,15,70.9,115.0,99.0,1,121,28.5,1,0,0,0.9,43
414,Manuel,Lanzini,19,21,3,0,0,0,0,0,0.0,0.0,0.0,0,0,0.0,0,0,0,0.0,64
415,Michail,Antonio,19,21,3,2,4,60,1252,21,224.6,245.4,470.0,2,158,93.6,4,0,2,0.8,68
416,Edimilson,Fernandes,19,21,3,0,0,0,0,0,0.0,0.0,0.0,0,0,0.0,0,0,0,0.1,45
417,Marko,Arnautovic,19,21,4,7,3,78,1316,23,322.7,373.2,614.0,12,286,130.3,2,0,3,6.7,69
418,Andy,Carroll,19,21,4,0,0,9,353,6,50.9,34.6,130.0,0,9,21.1,0,0,2,0.1,54
419,Javier,Hernández Balcázar,19,21,4,4,3,52,752,13,80.0,190.8,308.0,4,172,57.7,4,0,0,1.4,61
420,Jordan,Hugill,19,21,4,0,0,0,0,0,0.0,0.0,0.0,0,0,0.0,0,0,0,0.0,50
447,Jack,Wilshere,19,21,3,0,1,11,338,9,44.8,64.4,11.0,0,67,12.0,1,0,2,0.9,48
453,Andriy,Yarmolenko,19,21,3,2,1,27,456,6,84.6,86.0,122.0,2,88,29.1,1,0,2,0.5,67
464,Fabián,Balbuena,19,21,2,1,0,44,1473,25,36.1,401.6,167.0,3,272,60.7,3,0,2,0.4,42
465,Felipe Anderson,Pereira Gomes,19,21,3,8,3,112,2040,34,686.5,627.2,537.0,14,433,185.1,5,0,3,12.6,71
489,Robert,Snodgrass,19,21,3,2,3,57,1392,22,565.9,318.0,219.0,6,242,110.0,3,0,8,1.2,50
502,Lucas,Pérez,19,21,4,2,0,22,369,10,85.3,85.0,90.0,3,87,26.0,0,0,0,0.1,62
518,Carlos,Sánchez,19,21,3,0,0,7,217,4,27.7,20.2,24.0,0,37,7.2,0,0,0,0.2,43
539,Grady,Diangana,19,21,3,0,1,19,468,12,155.3,101.8,140.0,0,65,39.5,1,0,0,0.1,45
547,Joe,Powell,19,21,3,0,0,0,0,0,0.0,0.0,0.0,0,0,0.0,0,0,0,0.0,45
548,Conor,Coventry,19,21,3,0,0,0,0,0,0.0,0.0,0.0,0,0,0.0,0,0,0,0.0,45
560,Alexandre Nascimento,Costa Silva,19,21,4,0,0,1,17,0,10.3,2.0,36.0,0,3,4.8,0,0,0,0.1,45
569,Samir,Nasri,19,21,3,0,1,8,135,1,52.4,21.6,16.0,0,27,9.0,1,0,0,1.1,55
421,John,Ruddy,20,39,1,0,0,0,0,0,0.0,0.0,0.0,0,0,0.0,0,0,0,0.2,43
422,Will,Norris,20,39,1,0,0,0,0,0,0.0,0.0,0.0,0,0,0.0,0,0,0,2.0,40
423,Willy,Boly,20,39,2,2,0,67,1908,28,62.1,552.2,136.0,5,377,74.6,5,1,1,3.5,46
424,Barry,Douglas,20,39,2,0,0,0,0,0,0.0,0.0,0.0,0,0,0.0,0,0,0,0.0,50
425,Matt,Doherty,20,39,2,3,4,97,2046,29,391.9,564.4,496.0,9,418,145.0,6,0,2,23.8,53
426,Romain,Saïss,20,39,2,2,0,35,733,11,43.1,238.0,122.0,4,162,40.2,2,0,5,0.5,42
427,Ryan,Bennett,20,39,2,1,0,61,2070,29,118.0,391.2,111.0,1,321,62.1,6,0,7,11.4,41
428,Danny,Batth,20,39,2,0,0,0,0,0,0.0,0.0,0.0,0,0,0.0,0,0,0,0.7,40
429,Roderick Jefferson,Gonçalves Miranda,20,39,2,0,0,0,0,0,0.0,0.0,0.0,0,0,0.0,0,0,0,0.1,40
430,Conor,Coady,20,39,2,0,0,59,2160,31,19.3,381.8,0.0,5,384,39.9,6,0,4,0.6,45
431,Rúben Gonçalo,Silva Nascimento Vinagre,20,39,2,0,0,13,508,8,78.9,88.0,21.0,0,76,18.8,0,0,1,0.1,43
432,Diogo,Jota,20,39,3,5,4,74,1266,17,242.8,306.0,434.0,6,218,98.3,5,0,5,3.0,60
433,Rúben Diogo,da Silva Neves,20,39,3,2,2,63,1907,29,278.1,448.4,287.0,4,303,101.4,6,0,6,10.5,49
434,Ivan,Cavaleiro,20,39,3,3,1,40,503,8,257.2,183.2,145.0,3,145,58.0,1,0,1,0.1,52
435,Hélder,Costa,20,39,3,1,2,47,1266,17,261.2,160.6,272.0,0,128,69.6,5,0,3,0.4,47
436,Bright,Enobakhare,20,39,3,0,0,0,0,0,0.0,0.0,0.0,0,0,0.0,0,0,0,0.1,43
437,Raúl,Jiménez,20,39,4,8,7,113,1943,28,420.4,512.8,928.0,17,386,185.7,7,0,2,27.0,66
438,Bonatini Lohner Maia,Bonatini,20,39,4,0,1,10,130,0,30.9,24.6,90.0,0,19,13.6,0,0,0,0.4,46
448,Morgan,Gibbs-White,20,39,3,0,1,25,449,9,101.2,50.0,44.0,0,73,19.3,2,0,1,0.7,43
449,Rafa,Mir,20,39,4,0,0,0,0,0,0.0,0.0,0.0,0,0,0.0,0,0,0,0.1,45
454,Rui Pedro,dos Santos Patrício,20,39,1,0,0,82,2160,31,0.0,488.6,0.0,4,409,48.6,6,0,0,8.6,45
475,João Filipe Iria,Santos Moutinho,20,39,3,1,6,82,1867,25,650.2,518.2,46.0,10,388,121.6,6,0,2,3.8,52
483,Jonathan,Castro Otto,20,39,2,1,1,64,1709,25,280.6,334.6,247.0,5,310,86.4,6,0,5,2.6,43
500,Adama,Traoré,20,39,3,1,0,28,661,9,187.3,155.4,208.0,2,112,55.0,0,0,1,0.3,51
519,Leander,Dendoncker,20,39,3,0,0,10,346,7,31.7,76.0,21.0,0,39,12.9,1,0,0,0.3,43
525,Kortney,Hause,20,39,2,0,0,0,0,0,0.0,0.0,0.0,0,0,0.0,0,0,0,0.3,40
555,Ryan John,Giles,20,39,3,0,0,0,0,0,0.0,0.0,0.0,0,0,0.0,0,0,0,0.0,45
567,Max,Kilman,20,39,2,0,0,0,0,0,0.0,0.0,0.0,0,0,0.0,0,0,0,0.0,40
